{
  "classes": [
    "glioma",
    "meningioma",
    "pituitary tumor"
  ],
  "feature_names": [
    "area_ratio",
    "edge_distance",
    "circularity",
    "irregularity",
    "intensity_norm"
  ],
  "mu": [
    [
      0.025567835027521305,
      0.3845619676641284,
      0.4125644463805442,
      0.5874355536194559,
      0.8577534160106686
    ],
    [
      0.02683966500418527,
      0.340774556320552,
      0.29155442689063654,
      0.7084455731093635,
      0.8032811604149426
    ],
    [
      0.027271533834523166,
      0.38209655348854527,
      0.3866080027054265,
      0.6133919972945734,
      0.8583495649816149
    ]
  ],
  "sigma": [
    [
      0.015183222462414814,
      0.06608053791611462,
      0.3731741727196166,
      0.37317417271961667,
      0.1529790388884609
    ],
    [
      0.014022718212786082,
      0.09386239945749059,
      0.3542221281851921,
      0.3542221281851921,
      0.15399681492136152
    ],
    [
      0.020885752579863855,
      0.09828646041365877,
      0.39559098714274926,
      0.39559098714274926,
      0.13106816664847734
    ]
  ]
}