{
  "classes": [
    "glioma",
    "meningioma",
    "pituitary tumor"
  ],
  "feature_names": [
    "area_ratio",
    "edge_distance",
    "circularity",
    "irregularity",
    "intensity_norm"
  ],
  "mu": [
    [
      0.024997494122595245,
      0.37289979904966974,
      0.4327901730490902,
      0.5672098269509099,
      0.8615393125273084
    ],
    [
      0.02792799461657361,
      0.36067125858932675,
      0.3935801834305296,
      0.6064198165694703,
      0.8594395029129347
    ],
    [
      0.026091655722985743,
      0.3808442555404995,
      0.4385681545890232,
      0.5614318454109763,
      0.87519181205264
    ]
  ],
  "sigma": [
    [
      0.014020971944481564,
      0.07534902190305594,
      0.3841796289322046,
      0.3841796289322047,
      0.14648517250695894
    ],
    [
      0.015347578378359962,
      0.07308963231924537,
      0.36804175037200404,
      0.368041750372004,
      0.14630491952169414
    ],
    [
      0.019895096234125043,
      0.0910109697447763,
      0.39958493171632753,
      0.39958493171632764,
      0.1289595440974386
    ]
  ]
}